currency,year,per_eur,source
AED,2015,4.075099,peg
AED,2016,4.06398,peg
AED,2017,4.14729,peg
AED,2018,4.339022,peg
AED,2019,4.111724,peg
AED,2020,4.191358,peg
AED,2021,4.346501,peg
AED,2022,3.870364,peg
AED,2023,3.972104,peg
AED,2024,3.973845,peg
AED,2025,4.14751,peg
AED,2026,4.270598,peg
AOA,2015,1075.0,reference
AOA,2016,1075.0,reference
AOA,2017,1075.0,reference
AOA,2018,1075.0,reference
AOA,2019,1075.0,reference
AOA,2020,1075.0,reference
AOA,2021,1075.0,reference
AOA,2022,1075.0,reference
AOA,2023,1075.0,reference
AOA,2024,1075.0,reference
AOA,2025,1075.0,reference
AOA,2026,1075.0,reference
ARS,2015,10.242616,ecb
ARS,2016,16.331777,ecb
ARS,2017,18.726527,ecb
ARS,2018,32.911559,ecb
ARS,2019,53.799185,ecb
ARS,2020,77.422233,ecb
ARS,2024,1111.111111,data
ARS,2025,1666.666667,data
ARS,2026,1666.666667,data
AUD,2015,1.476476,ecb
AUD,2016,1.488604,ecb
AUD,2017,1.472936,ecb
AUD,2018,1.579909,ecb
AUD,2019,1.610586,ecb
AUD,2020,1.655393,ecb
AUD,2021,1.574725,ecb
AUD,2022,1.517359,ecb
AUD,2023,1.628477,ecb
AUD,2024,1.639944,ecb
AUD,2025,1.751359,ecb
AUD,2026,1.654936,ecb
BAM,2015,1.95583,peg
BAM,2016,1.95583,peg
BAM,2017,1.95583,peg
BAM,2018,1.95583,peg
BAM,2019,1.95583,peg
BAM,2020,1.95583,peg
BAM,2021,1.95583,peg
BAM,2022,1.95583,peg
BAM,2023,1.95583,peg
BAM,2024,1.95583,peg
BAM,2025,1.95583,peg
BAM,2026,1.95583,peg
BGN,2015,1.9558,ecb
BGN,2016,1.9558,ecb
BGN,2017,1.9558,ecb
BGN,2018,1.9558,ecb
BGN,2019,1.9558,ecb
BGN,2020,1.9558,ecb
BGN,2021,1.9558,ecb
BGN,2022,1.9558,ecb
BGN,2023,1.9558,ecb
BGN,2024,1.9558,ecb
BGN,2025,1.9558,ecb
BRL,2015,3.691603,ecb
BRL,2016,3.861627,ecb
BRL,2017,3.604102,ecb
BRL,2018,4.30873,ecb
BRL,2019,4.413542,ecb
BRL,2020,5.89001,ecb
BRL,2021,6.381339,ecb
BRL,2022,5.443192,ecb
BRL,2023,5.401616,ecb
BRL,2024,5.826786,ecb
BRL,2025,6.305534,ecb
BRL,2026,5.985543,ecb
CAD,2015,1.417603,ecb
CAD,2016,1.466406,ecb
CAD,2017,1.464382,ecb
CAD,2018,1.530191,ecb
CAD,2019,1.485745,ecb
CAD,2020,1.529435,ecb
CAD,2021,1.483489,ecb
CAD,2022,1.370335,ecb
CAD,2023,1.459581,ecb
CAD,2024,1.481909,ecb
CAD,2025,1.578151,ecb
CAD,2026,1.608654,ecb
CHF,2015,1.067633,ecb
CHF,2016,1.090178,ecb
CHF,2017,1.111548,ecb
CHF,2018,1.154878,ecb
CHF,2019,1.112666,ecb
CHF,2020,1.07031,ecb
CHF,2021,1.081412,ecb
CHF,2022,1.005172,ecb
CHF,2023,0.97173,ecb
CHF,2024,0.952603,ecb
CHF,2025,0.937107,ecb
CHF,2026,0.921157,ecb
CLP,2024,1000.0,data
CLP,2025,1111.111111,data
CLP,2026,1048.68,data
CNY,2015,6.972997,ecb
CNY,2016,7.349579,ecb
CNY,2017,7.626438,ecb
CNY,2018,7.80735,ecb
CNY,2019,7.733878,ecb
CNY,2020,7.870837,ecb
CNY,2021,7.634023,ecb
CNY,2022,7.080095,ecb
CNY,2023,7.65907,ecb
CNY,2024,7.78626,ecb
CNY,2025,8.114944,ecb
CNY,2026,7.950672,ecb
COP,2024,5000.0,data
COP,2025,5000.0,data
COP,2026,4410.14,data
CZK,2015,27.285003,ecb
CZK,2016,27.034311,ecb
CZK,2017,26.327176,ecb
CZK,2018,25.643155,ecb
CZK,2019,25.669748,ecb
CZK,2020,26.455446,ecb
CZK,2021,25.646809,ecb
CZK,2022,24.560268,ecb
CZK,2023,24.000676,ecb
CZK,2024,25.118922,ecb
CZK,2025,24.692002,ecb
CZK,2026,24.28299,ecb
DKK,2015,7.458642,ecb
DKK,2016,7.445358,ecb
DKK,2017,7.43865,ecb
DKK,2018,7.453183,ecb
DKK,2019,7.46607,ecb
DKK,2020,7.454393,ecb
DKK,2021,7.43705,ecb
DKK,2022,7.439574,ecb
DKK,2023,7.450991,ecb
DKK,2024,7.458879,ecb
DKK,2025,7.463378,ecb
DKK,2026,7.472862,ecb
DZD,2015,111.287869,ecb
DZD,2016,121.029247,ecb
DZD,2017,125.291393,ecb
DZD,2018,137.673135,ecb
DZD,2019,133.704548,ecb
DZD,2020,142.452005,ecb
GBP,2015,0.725986,ecb
GBP,2016,0.818896,ecb
GBP,2017,0.876145,ecb
GBP,2018,0.884747,ecb
GBP,2019,0.877307,ecb
GBP,2020,0.889215,ecb
GBP,2021,0.860004,ecb
GBP,2022,0.852607,ecb
GBP,2023,0.869907,ecb
GBP,2024,0.846592,ecb
GBP,2025,0.856611,ecb
GBP,2026,0.864197,ecb
GHS,2015,13.5,reference
GHS,2016,13.5,reference
GHS,2017,13.5,reference
GHS,2018,13.5,reference
GHS,2019,13.5,reference
GHS,2020,13.5,reference
GHS,2021,13.5,reference
GHS,2022,13.5,reference
GHS,2023,13.5,reference
GHS,2024,13.5,reference
GHS,2025,13.5,reference
GHS,2026,13.5,reference
HKD,2015,8.602294,ecb
HKD,2016,8.590006,ecb
HKD,2017,8.801219,ecb
HKD,2018,9.259863,ecb
HKD,2019,8.772428,ecb
HKD,2020,8.851679,ecb
HKD,2021,9.198808,ecb
HKD,2022,8.251237,ecb
HKD,2023,8.467553,ecb
HKD,2024,8.442972,ecb
HKD,2025,8.804937,ecb
HKD,2026,9.103271,ecb
HRK,2015,7.613996,ecb
HRK,2016,7.534527,ecb
HRK,2017,7.464408,ecb
HRK,2018,7.418154,ecb
HRK,2019,7.418187,ecb
HRK,2020,7.538442,ecb
HRK,2021,7.529089,ecb
HRK,2022,7.534985,ecb
HUF,2015,309.897771,ecb
HUF,2016,311.459325,ecb
HUF,2017,309.272867,ecb
HUF,2018,318.824466,ecb
HUF,2019,325.229669,ecb
HUF,2020,351.204303,ecb
HUF,2021,358.463539,ecb
HUF,2022,390.943885,ecb
HUF,2023,381.759154,ecb
HUF,2024,395.421552,ecb
HUF,2025,397.789338,ecb
HUF,2026,369.493783,ecb
IDR,2015,14859.788267,ecb
IDR,2016,14720.455668,ecb
IDR,2017,15113.196118,ecb
IDR,2018,16801.725727,ecb
IDR,2019,15835.948293,ecb
IDR,2020,16619.7761,ecb
IDR,2021,16928.508808,ecb
IDR,2022,15633.591978,ecb
IDR,2023,16480.345569,ecb
IDR,2024,17154.127584,ecb
IDR,2025,18615.725735,ecb
IDR,2026,20207.042066,ecb
ILS,2015,4.313436,ecb
ILS,2016,4.248933,ecb
ILS,2017,4.060755,ecb
ILS,2018,4.243801,ecb
ILS,2019,3.990837,ecb
ILS,2020,3.923905,ecb
ILS,2021,3.82415,ecb
ILS,2022,3.536009,ecb
ILS,2023,3.987443,ecb
ILS,2024,4.004403,ecb
ILS,2025,3.893374,ecb
ILS,2026,3.52467,ecb
INR,2015,71.17522,ecb
INR,2016,74.355278,ecb
INR,2017,73.498019,ecb
INR,2018,80.727734,ecb
INR,2019,78.850143,ecb
INR,2020,84.579539,ecb
INR,2021,87.486086,ecb
INR,2022,82.714489,ecb
INR,2023,89.324864,ecb
INR,2024,90.530736,ecb
INR,2025,98.464648,ecb
INR,2026,108.972608,ecb
ISK,2018,127.902624,ecb
ISK,2019,137.252089,ecb
ISK,2020,154.540085,ecb
ISK,2021,150.248048,ecb
ISK,2022,142.249451,ecb
ISK,2023,149.17708,ecb
ISK,2024,149.280824,ecb
ISK,2025,144.714006,ecb
ISK,2026,143.920768,ecb
JPY,2015,134.286506,ecb
JPY,2016,120.313774,ecb
JPY,2017,126.654565,ecb
JPY,2018,130.409562,ecb
JPY,2019,122.056369,ecb
JPY,2020,121.775447,ecb
JPY,2021,129.857464,ecb
JPY,2022,138.005064,ecb
JPY,2023,151.942108,ecb
JPY,2024,163.817355,ecb
JPY,2025,168.945697,ecb
JPY,2026,184.557474,ecb
KRW,2015,1255.740591,ecb
KRW,2016,1284.564007,ecb
KRW,2017,1275.832192,ecb
KRW,2018,1299.251995,ecb
KRW,2019,1304.898703,ecb
KRW,2020,1345.10575,ecb
KRW,2021,1353.945636,ecb
KRW,2022,1358.071182,ecb
KRW,2023,1413.264447,ecb
KRW,2024,1475.25642,ecb
KRW,2025,1605.288456,ecb
KRW,2026,1713.889561,ecb
MAD,2015,10.823124,ecb
MAD,2016,10.851718,ecb
MAD,2017,10.94699,ecb
MAD,2018,11.082248,ecb
MAD,2019,10.766388,ecb
MAD,2020,10.810914,ecb
MAD,2021,10.6,reference
MAD,2022,10.6,reference
MAD,2023,10.6,reference
MAD,2024,10.6,reference
MAD,2025,10.6,reference
MAD,2026,10.6,reference
MXN,2015,17.599483,ecb
MXN,2016,20.65497,ecb
MXN,2017,21.327801,ecb
MXN,2018,22.716019,ecb
MXN,2019,21.557279,ecb
MXN,2020,24.511767,ecb
MXN,2021,23.990296,ecb
MXN,2022,21.204548,ecb
MXN,2023,19.189748,ecb
MXN,2024,19.824911,ecb
MXN,2025,21.672895,ecb
MXN,2026,20.248278,ecb
MYR,2015,4.331547,ecb
MYR,2016,4.58418,ecb
MYR,2017,4.850089,ecb
MYR,2018,4.764175,ecb
MYR,2019,4.637157,ecb
MYR,2020,4.793489,ecb
MYR,2021,4.902557,ecb
MYR,2022,4.62923,ecb
MYR,2023,4.931617,ecb
MYR,2024,4.950576,ecb
MYR,2025,4.832347,ecb
MYR,2026,4.655247,ecb
MZN,2024,67.567568,data
MZN,2025,74.626866,data
MZN,2026,74.35047,data
NAD,2015,14.152805,peg
NAD,2016,16.277197,peg
NAD,2017,15.04339,peg
NAD,2018,15.613357,peg
NAD,2019,16.173092,peg
NAD,2020,18.768478,peg
NAD,2021,17.479459,peg
NAD,2022,17.209739,peg
NAD,2023,19.95437,peg
NAD,2024,19.831672,peg
NAD,2025,20.17622,peg
NAD,2026,19.04795,peg
NOK,2015,8.9417,ecb
NOK,2016,9.292695,ecb
NOK,2017,9.328606,ecb
NOK,2018,9.600624,ecb
NOK,2019,9.84967,ecb
NOK,2020,10.724762,ecb
NOK,2021,10.163388,ecb
NOK,2022,10.101505,ecb
NOK,2023,11.424301,ecb
NOK,2024,11.626838,ecb
NOK,2025,11.717041,ecb
NOK,2026,11.127929,ecb
NZD,2015,1.59067,ecb
NZD,2016,1.589451,ecb
NZD,2017,1.589511,ecb
NZD,2018,1.705846,ecb
NZD,2019,1.699275,ecb
NZD,2020,1.756459,ecb
NZD,2021,1.672539,ecb
NZD,2022,1.65855,ecb
NZD,2023,1.761822,ecb
NZD,2024,1.787946,ecb
NZD,2025,1.941626,ecb
NZD,2026,1.982835,ecb
PEN,2024,4.222973,data
PEN,2025,4.116921,data
PEN,2026,4.0,data
PHP,2015,50.504362,ecb
PHP,2016,52.548729,ecb
PHP,2017,56.940848,ecb
PHP,2018,62.230266,ecb
PHP,2019,57.991608,ecb
PHP,2020,56.588422,ecb
PHP,2021,58.308517,ecb
PHP,2022,57.319525,ecb
PHP,2023,60.171487,ecb
PHP,2024,61.986038,ecb
PHP,2025,64.940883,ecb
PHP,2026,70.179388,ecb
PLN,2015,4.182785,ecb
PLN,2016,4.363633,ecb
PLN,2017,4.25631,ecb
PLN,2018,4.260575,ecb
PLN,2019,4.297528,ecb
PLN,2020,4.443177,ecb
PLN,2021,4.564036,ecb
PLN,2022,4.684487,ecb
PLN,2023,4.542063,ecb
PLN,2024,4.305748,ecb
PLN,2025,4.239192,ecb
PLN,2026,4.259768,ecb
RON,2015,4.445214,ecb
RON,2016,4.490754,ecb
RON,2017,4.568677,ecb
RON,2018,4.654054,ecb
RON,2019,4.745694,ecb
RON,2020,4.837965,ecb
RON,2021,4.920908,ecb
RON,2022,4.931675,ecb
RON,2023,4.946696,ecb
RON,2024,4.974627,ecb
RON,2025,5.041603,ecb
RON,2026,5.167379,ecb
RUB,2015,68.006843,ecb
RUB,2016,74.22236,ecb
RUB,2017,65.887664,ecb
RUB,2018,74.055072,ecb
RUB,2019,72.459337,ecb
RUB,2020,82.645446,ecb
RUB,2021,87.232057,ecb
RUB,2022,87.723088,ecb
RUB,2023,98.0,reference
RUB,2024,98.0,reference
RUB,2025,98.0,reference
RUB,2026,98.0,reference
SAR,2015,4.161095,peg
SAR,2016,4.149741,peg
SAR,2017,4.234809,peg
SAR,2018,4.430588,peg
SAR,2019,4.198493,peg
SAR,2020,4.279807,peg
SAR,2021,4.438225,peg
SAR,2022,3.952039,peg
SAR,2023,4.055927,peg
SAR,2024,4.057705,peg
SAR,2025,4.235034,peg
SAR,2026,4.360719,peg
SEK,2015,9.354485,ecb
SEK,2016,9.467312,ecb
SEK,2017,9.636873,ecb
SEK,2018,10.256743,ecb
SEK,2019,10.58666,ecb
SEK,2020,10.48813,ecb
SEK,2021,10.144849,ecb
SEK,2022,10.627434,ecb
SEK,2023,11.472809,ecb
SEK,2024,11.430903,ecb
SEK,2025,11.0647,ecb
SEK,2026,10.849725,ecb
SGD,2015,1.525073,ecb
SGD,2016,1.527759,ecb
SGD,2017,1.558217,ecb
SGD,2018,1.592852,ecb
SGD,2019,1.527212,ecb
SGD,2020,1.57357,ecb
SGD,2021,1.58965,ecb
SGD,2022,1.451967,ecb
SGD,2023,1.452345,ecb
SGD,2024,1.445672,ecb
SGD,2025,1.475158,ecb
SGD,2026,1.487434,ecb
THB,2015,38.000747,ecb
THB,2016,39.042264,ecb
THB,2017,38.278524,ecb
THB,2018,38.163054,ecb
THB,2019,34.764804,ecb
THB,2020,35.6933,ecb
THB,2021,37.821578,ecb
THB,2022,36.861823,ecb
THB,2023,37.632835,ecb
THB,2024,38.178502,ecb
THB,2025,37.105173,ecb
THB,2026,37.641282,ecb
TRY,2015,3.021848,ecb
TRY,2016,3.342743,ecb
TRY,2017,4.121397,ecb
TRY,2018,5.698565,ecb
TRY,2019,6.357348,ecb
TRY,2020,8.043613,ecb
TRY,2021,10.466968,ecb
TRY,2022,17.384882,ecb
TRY,2023,25.748697,ecb
TRY,2024,35.56533,ecb
TRY,2025,44.765257,ecb
TRY,2026,52.712925,ecb
TWD,2015,35.240129,ecb
TWD,2016,35.690941,ecb
TWD,2017,34.346278,ecb
TWD,2018,35.597577,ecb
TWD,2019,34.606138,ecb
TWD,2020,33.504457,ecb
USD,2015,1.109625,ecb
USD,2016,1.106598,ecb
USD,2017,1.129283,ecb
USD,2018,1.18149,ecb
USD,2019,1.119598,ecb
USD,2020,1.141282,ecb
USD,2021,1.183527,ecb
USD,2022,1.053877,ecb
USD,2023,1.08158,ecb
USD,2024,1.082055,ecb
USD,2025,1.129342,ecb
USD,2026,1.162858,ecb
VND,2015,29500.0,reference
VND,2016,29500.0,reference
VND,2017,29500.0,reference
VND,2018,29500.0,reference
VND,2019,29500.0,reference
VND,2020,29500.0,reference
VND,2021,29500.0,reference
VND,2022,29500.0,reference
VND,2023,29500.0,reference
VND,2024,29500.0,reference
VND,2025,29500.0,reference
VND,2026,29500.0,reference
XAF,2015,655.957,peg
XAF,2016,655.957,peg
XAF,2017,655.957,peg
XAF,2018,655.957,peg
XAF,2019,655.957,peg
XAF,2020,655.957,peg
XAF,2021,655.957,peg
XAF,2022,655.957,peg
XAF,2023,655.957,peg
XAF,2024,655.957,peg
XAF,2025,655.957,peg
XAF,2026,655.957,peg
XOF,2015,655.957,peg
XOF,2016,655.957,peg
XOF,2017,655.957,peg
XOF,2018,655.957,peg
XOF,2019,655.957,peg
XOF,2020,655.957,peg
XOF,2021,655.957,peg
XOF,2022,655.957,peg
XOF,2023,655.957,peg
XOF,2024,655.957,peg
XOF,2025,655.957,peg
XOF,2026,655.957,peg
ZAR,2015,14.152805,ecb
ZAR,2016,16.277197,ecb
ZAR,2017,15.04339,ecb
ZAR,2018,15.613357,ecb
ZAR,2019,16.173092,ecb
ZAR,2020,18.768478,ecb
ZAR,2021,17.479459,ecb
ZAR,2022,17.209739,ecb
ZAR,2023,19.95437,ecb
ZAR,2024,19.831672,ecb
ZAR,2025,20.17622,ecb
ZAR,2026,19.04795,ecb
